username,comment,subreddit,former_index,Label
test_doctor2,elderly man recovering hip replacement surgery,medicine,1438,Medical Doctor
test_doctor3,teenage boy treated sports injury,medicine,1439,Medical Doctor
test_doctor4,woman expecting baby visited prenatal check up,medicine,1440,Medical Doctor
test_doctor5,performed appendectomy patient,medicine,1441,Medical Doctor
test_doctor6,patients blood pressure stabilizing medication,medicine,1442,Medical Doctor
test_doctor7,mri scan revealed tumor patients brain,medicine,1443,Medical Doctor
test_doctor8,prescribed antibiotics patients bacterial infection,medicine,1444,Medical Doctor
test_doctor1,patients ekg showed signs possible heart attack,medicine,1445,Medical Doctor
test_vet2,puppy brought first round vaccinations,vet,1446,Veterinarian
test_vet3,adult horse treated laminitis,vet,1447,Veterinarian
test_vet4,juvenile bird treated wing injury,vet,1448,Veterinarian
test_vet5,senior cat brought routine health check up,vet,1449,Veterinarian
test_vet6,performed neutering procedure cat,vet,1450,Veterinarian
test_vet7,dogs condition improving deworming treatment,vet,1451,Veterinarian
test_vet8,x ray showed fracture birds wing,vet,1452,Veterinarian
test_vet9,prescribed flea prevention medication puppy,vet,1453,Veterinarian
test_vet,horses blood test revealed signs equine infectious anemia,vet,1454,Veterinarian
Best_Bid_9327,im getting,HeliumNetwork,93,Other
Best_Bid_9327,told one accounts compromised told click links,HeliumNetwork,93,Other
Best_Bid_9327,get rid windows,HeliumNetwork,93,Other
SoulReaver-SS,what s solution mysterium vpn wrecking home internet making sites captchas,HeliumNetwork,442,Other
SoulReaver-SS,tae cut every node payment settlement noticed,HeliumNetwork,442,Other
SoulReaver-SS,consequently worth due damage causes home internet even enable bb approved partner vpn this s problem,HeliumNetwork,442,Other
Imthefatboyb,update pi node earnings dropped almost completely maybe fixing could improve experience,HeliumNetwork,458,Other
Passi-RVN,dont get wanna say thx,HeliumNetwork,632,Other
Passi-RVN,hoped explained please dont know mean,HeliumNetwork,632,Other
Passi-RVN,sounds great guess region near previous region none previous region isnt available,HeliumNetwork,632,Other
Passi-RVN,downloaded it paid dollars see auto reconnect settings latest update version skill switch auto reconnect,HeliumNetwork,632,Other
alexiskef,guys planning marketing wise planning raise awareness mysterium,HeliumNetwork,670,Other
alexiskef,obvious scam however would guess mysterium users surely techicall level capable seeing bullshit providing private key mnemonic phrase scam,HeliumNetwork,670,Other
drunknfoo,averaging myst three days mainnet total myst node nothing worth bothering anymore something changes,HeliumNetwork,1504,Other
Think_Not_Doer,yassss queen,orchid,205,Other
Think_Not_Doer,yea excited project too happy see collaboration storj still reviewing whitepaper comparing orchid protocol one cliff s notes i d appreciate interested using vpns increased dapp security ddos attacks,orchid,205,Other
Think_Not_Doer,first observation mysterium highlights intention splitting packets traverse different paths along vpn network protects user malicious node,orchid,205,Other
Think_Not_Doer,buy polygon using quickswap cheaply get funds onto polygon,orchid,205,Other
Personal-Escape4283,got it select worth myst seems pretty strange imo cant send however much like way see address send whatever amount choose,orchid,241,Other
Personal-Escape4283,youre legend bro wonder tf dont make accessible seems like brainer,orchid,241,Other
Personal-Escape4283,problem here wtf,orchid,241,Other
Personal-Escape4283,update wow fixed guys deleted dns wi fi settings new one generated hit apply sudden back online question world caused happen love mysterium feel sketched out yet idk even fault guys think im skeptical reinstalling again myst account prior uninstalling doubt would get back reinstalled right end world im happy online although missed lot meetings morning really curious happened enabling kill switch quitting uninstalling lmk think,orchid,241,Other
Personal-Escape4283,feels like ive lottery back minimum wage misery,orchid,241,Other
Personal-Escape4283,did reply its week,orchid,241,Other
Personal-Escape4283,wow that s sketchy wtf i m really touching project,orchid,241,Other
Personal-Escape4283,okay good know jumped russian node started thinking twice lol think its safer going residential nodes difference,orchid,241,Other
Personal-Escape4283,yes liability compared something like expressvpn popular centralized vpn given nature feel like would prevalent dvpns really dont know,orchid,241,Other
Personal-Escape4283,wow yeah seems returns mysterium great would enable whitelisting well helium cool project wanted buy miner antenna miners sold month waiting period talked guy free installs takes like rewards seemed pointless monero mining know anything about mining rig either imac issue buying equipment returns steady,orchid,241,Other
Personal-Escape4283,yeah think am tips would considered noob good internet speeds hardware kind returns get thoughts enabling whitelisting worthy drop myst,orchid,241,Other
Personal-Escape4283,lol fair enough hows returns presearch,orchid,241,Other
Personal-Escape4283,yeah bad what s that hope they re least working something presence creepy,orchid,241,Other
Personal-Escape4283,type returns see whitelisting enabled,orchid,241,Other
timee_bot,view timezone march pm utc,orchid,306,Other
timee_bot,view timezone pm utc,orchid,306,Other
timee_bot,view timezone july th pm utc,orchid,306,Other
timee_bot,view timezone november utc november utc,orchid,306,Other
erlingspaulsen,nice anyone hosting mysterium node spare hard disk easy run storj node alongside mysterium raspberry pi,orchid,1547,Other
erlingspaulsen,raspberry pi running mysterium rasbian image followed storj installation guide installed docker engine downloaded docker image started storj storage node inside container looked presearch looks like run node docker container okay alongside mysterium install docker engine rasbian follow guide install using the convenience script thanks bringing up aware project might well try myself,orchid,1547,Other
erlingspaulsen,look like presearch node supported raspberry pi yet hardware specification docker image x x based cpu s now plan support arm raspberry pi future we re currently focused fixing bugs making sure current platform robust additional supported platforms,orchid,1547,Other
erlingspaulsen,that s issue i m boat started mystberry image mysterium installed docker engine top that storj running inside docker container kind like virtual machine inside raspberry pi myst service openvpn running outside docker mystberry os itself running couple months without issues i m also trying install nkn node raspberry pi now using docker image os itself trying get little thing haha,orchid,1547,Other
erlingspaulsen,correct ssh raspberry pi myst user switch root user sudo su install docker engine root,orchid,1547,Other
erlingspaulsen,really found projects run node raspberry pi yet running myst storj nkn pi using around cpu memory cpu c seems like nkn using resources three,orchid,1547,Other
ElectronicFinance603,hey sorry ot question safe run node cloud machine i ve oracle free tier i m thinking starting node oracle policies crypto mining strict i m secure it even know myst token mined classic proof work way,MysteriumNetwork,99,Other
miltonx27,know workaround thought issue nodes themselves create new identity top lil bit,MysteriumNetwork,314,Other
peter-sovietsquirrel,node public ip address fine,MysteriumNetwork,173,Other
Plenty_Airline_5803,use see activity dashboard mysteriumm wireshark,MysteriumNetwork,1485,Other
goosen999,thats great hope mntd also make thing,MysteriumNetwork,478,Other
miltonx27,i ve never figured happens ended giving up click error mystnodes redirects article explaining open certain ports firewall work me,MysteriumNetwork,314,Other
peter-sovietsquirrel,restart system running mysterium try connecting still working check mysterium log say ip port number using,MysteriumNetwork,173,Other
Solefyre,great thanks,MysteriumNetwork,1598,Other
justforyouTM,yeah gonna hack right already smaller range,MysteriumNetwork,73,Other
Rieljanry,possible select specific nodes server allocation currently random,MysteriumNetwork,441,Other
St1ck0fj0y,also ran scprime node started selling licenses node runners me feels bit scammy in compensate lack paying costumers lets generate revenue charging owners node yearly license fee,MysteriumNetwork,608,Other
TenKoalaKing,u probably find github repository,MysteriumNetwork,643,Other
avero34,yes honestly believe month isnt serious would set residential nodes possible,MysteriumNetwork,381,Other
MachineNo9607,man cared nodes saved part list basically every node saved got removed,MysteriumNetwork,395,Other
zainuu163,wont trouble this nothing new tor like dont worry,MysteriumNetwork,1653,Other
archer19861986,run node hyper v vlan keep separate network,MysteriumNetwork,98,Other
OneMathematician6617,locate beta version,MysteriumNetwork,183,Other
peter-sovietsquirrel,future ver released days ago,MysteriumNetwork,173,Other
skivvey,ok people proper agreement isp wondering case really nice isp,MysteriumNetwork,387,Other
TenKoalaKing,variable apr,MysteriumNetwork,643,Other
Federal_Equipment578,yes no node per ip address meaning could docker mysterium containers puchased multiple ip s isp yes make proper profit depending live much paid internet prices eg broadband costs myst monthly node made myst last week prices fluctuate chance could make real profit purchasing ips depending prices fluctuate,MysteriumNetwork,385,Other
ckell627,latest update may see actual github activity yet team working r d researching setting frameworks researching testing required libraries etc result current stage provide us clear knowledge technologies use use order create functioning payments prepare frameworks top work done,MysteriumNetwork,856,Other
TheIdiotDev,thinks due vulnerability mysterium,MysteriumNetwork,278,Other
grillisbr,sure logs running node month got little doesnt worth it,MysteriumNetwork,192,Other
Belikus,mean something wrong setup,MysteriumNetwork,13,Other
boomerius,well put though want stress dissolve reassemble level privacy definitely goal going happen night previously communicated plan get steps first step deploying initial network nodes testing sorts use cases it discovery connected nodes establishing vpn connection detected nodes payments services provided etc touching deleting posts didnt come us enigma whole team what happened deleted posts one team this believe person wrote comments deleted themselves,MysteriumNetwork,484,Other
SirPerfluace,running usb port router,MysteriumNetwork,1489,Other
peter-sovietsquirrel,currently worked that s looks now,MysteriumNetwork,173,Other
HardSnurge,describing possible outcomes likely ones even extremely unlikely event authorities contacted traffic ip node interface including connectivity logs huge amounts proof running vpn node way somebody driving speed limit possible caught happen time doesnt personally time im even part country node prove wasnt present activity occurred crypto world referred fud,MysteriumNetwork,682,Other
sg-doge,depend locality matter vps datacenter residential home,MysteriumNetwork,436,Other
Abdalnablse10,i ll exchange then,MysteriumNetwork,131,Other
Watchdude420,desktop think transferred ethereum tokens perhaps they re polygon even though there s symbol coinbase wallet,MysteriumNetwork,33,Other
NeneaPetrica,thats strange as refreshing wizard let set node free also dont think get answer support monday ive seen option unlocked basically deleted everything system node settings ive made new docker container wont weird errors please let know,MysteriumNetwork,362,Other
m4duck,hosting services mysterium may targeted isp given crappy router expect many incoming connections node connections hours think thats counting connections actually transfer data probably s incoming connections every day node made myst days connection rock solid run openwrt router fq codel share bandwidth across users keep ping low,MysteriumNetwork,1400,Other
esuil,users choose mysterium avoid usual issues come using known vpn addresses running node trough vpn basically ruining whole point someone needed that would using vpn directly,MysteriumNetwork,494,Other
peter-sovietsquirrel,apr variable,MysteriumNetwork,173,Other
gonewiththewind1001,upnp always on using last year even income good yesterday reinstalled whole thing paid get registered still same dont even change anything router cause took way much time configure find proper channels area all,MysteriumNetwork,81,Other
peter-sovietsquirrel,believe binance supports myst polygon network use metamask,MysteriumNetwork,173,Other
No-Adeptness5810,also mysterium s app rating inflated worker mysterium could get sales get profit turn salary s may increased c per review spending bucks might good extra work money,MysteriumNetwork,804,Other
peter-sovietsquirrel,upcoming release mainnet original ico backers see benefits acknowledgements,MysteriumNetwork,173,Other
peter-sovietsquirrel,may wintun get,MysteriumNetwork,173,Other
sigmadue,home hosted vpns get blocked tried friend lives dubai quite good blocking commercial vpns never blocked fastweb home ip milan,MysteriumNetwork,1518,Other
protocolnebula,hope helps you cannot understand issue kernel supposed docker skips kind issue except different docker able put layer,MysteriumNetwork,53,Other
Icy-Razzmatazz-8686,know raspberry pi b can maybe pi zero w sure half ram b would issue,MysteriumNetwork,340,Other
MystCommunityManager,check cool looking new alternate mysterium network logos,MysteriumNetwork,483,Other
Zmey10,first week earnings slow depends location said time increases exponentially like first week made worry electricity cost also download honeygain iproyal pawns app peerprofit increase profit tbh honeygain slow always take payout crypto jumptask think cross minimum paypal peerprofit good download use refferal somewhere these referrals benefit greatly,MysteriumNetwork,658,Other
TotesMessenger,i m bot bleep bloop someone linked thread another place reddit mysterium network reddit ama april mysterium network reddit ama april submit questions mysterium privacy blockchain vpn security nbsp if follow links please respect rules reddit vote threads info contact,MysteriumNetwork,534,Other
MeGaDaDon,agreed running server ur place right vps,MysteriumNetwork,312,Other
DadOfLucifer,can t,MysteriumNetwork,516,Other
tofazzz,exactly show,MysteriumNetwork,1597,Other
calliopeReddit,looking euthanasia house calls scared general practice work think bad idea want euthanasia house calls think enjoy mobile work limited scope i e one thing good thing second think avoiding crazy clients exchanging crazy clients grief think avoiding stress needing learn bunch stuff there s thing routine euthanasia routine ear infection routine surgery create possibly stress less stress every owner s worst day bit counsellor well vet words avoid things that s want do providing euthanasia is think one best last gifts give patients we re blessed able provide it,Veterinary,247,Veterinarian
feather-duster-cat,mark mine one colour nailpolish wreck instrument removes needed also come washing etc,Veterinary,2977,Other
Derangedstifle,lol funny,Veterinary,1671,Other
Bilirubinonrye,thank much super helpful really appreciate,Veterinary,1758,Other
ohhisup,canadian schools brutal could would lol bad everywhere else,Veterinary,2331,Other
student_of_theGame,another feature veterinary pms completely ignore controlled drug logging definitely part pms companies focus digital record keeping another pain point vets states prescription monitoring program pmp employees submit controlled drug dispensation information manually controlled drugs dispensed hospital must reported state human systems built feature allows data sent state automatically via txt file organized asap format believe one veterinary pms functionality were left techs managers entering drug dispensation data portal send state super time consuming solution would save tons time,Veterinary,3067,Veterinarian
Unlucky_Ad_1766,thank you understand gpa cutoff greater oos wish holistic,Veterinary,2185,Other
Otterwut,dont necessarily think need internship level experience definitely need working place good mentorship while wouldnt rushing overnights alone instance likely could handle majority things things get complicated quickly er someone bounce something hey sounds reasonable right put big burden youre prepared,Veterinary,1146,Medical Doctor
Disneyfreak77,surgery pregnancy totally safe long equipment date functional youre comfortable talk doctor boss see compromise made,Veterinary,3104,Medical Doctor
urgentbog,dashboard tab called time clock think its far right dashboard tabs me click plus symbol pop window current time go ahead save clock in memory descriptions may accurate sorry others said always ask coworkers also know clinic didnt use ezyvet clocking hours started dont think clocking functions available time user file may set clocking require assistance manager,Veterinary,2575,Veterinarian
That-Science7707,sincerely hope pass get great job right away fass papers gave good laugh though haha,Veterinary,2659,Other
Loo-man,best work life balance ive ever corps ive worked practices years civilian side least compare army youll new command every years shitty whereas way get toxic clinic quit,Veterinary,2345,Medical Doctor
globamabob,advice anyone else read head twenty nine year old female spayed,Veterinary,2466,Other
oldlizardvmd,meh amazing bs see practice been years every awhile pull minutia ass super helpful,Veterinary,3078,Other
Gorgeous1999,thanks much advice,Veterinary,1680,Other
spaghetti000s,doctors working vet schools also research addition clinical teaching duties lot willing let students work lab help current projects thats way get name something also going specialty youre interested radiology case asking would interested mentoring helping write case report way shorter easier full research study essentially find grown up lol help get started edit add shouldve assigned advisor started vet school probably help find project jump,Veterinary,155,Veterinarian
Ok_Sky4744,worded perfectly never specialized suffered mental abuse bullying clinicians students school saying profession long due massive reckoning,Veterinary,1936,Other
AlicetheGoatGirl,work prerequisites tech program look person programs ive heard online ones looking penn foster take forever complete slow responses youre work enthusiastic possible getting hands asking questions genuinely excited learn things jump in feel like easily get stuck seen kennel tech willing advance better definitely let known want tech good techs work thrilled help way,Veterinary,3235,Other
UniversityParking414,dont enjoy medicine happy veterinarian think its important evaluate want vet is animals instead find similar career suited passions veterinarians take ton biology youre that fun time school,Veterinary,2978,Veterinarian
RaiseKnown2428,thank much sharing experience truly appreciate its good perspective thank saying dog perfect couldnt understand happening last months especially punctuated aggressive episodes weeks vet prescribed fluoxetine see would help didnt everything got much worse hindsight see mentation changes lethargy offness blamed fluoxetine probably due whatever going head time cheap mri means much thought needed mri everything first began vet advised outcome wouldnt change family said id insane know didnt it final attack knew itd felt wrong its hard wish closure knowing behavior made clear something mg wrong vet assures likely something neurological intracranial wouldnt fixable,Veterinary,2666,Other
commonkarp,okay thank you ill definitely look,Veterinary,2298,Other
JasmineDeVine,brilliant,Veterinary,2049,Other
whospiink,small animal emergency vet california hospital incredibly busy least patients seen per shift unlimited pto ce base salary k production grossing k per year years school female,Veterinary,2771,Veterinarian
merriecho,run clinics like this sounds like whole clinic tired check in exam discharge yourself every clinic i ve managed least tech per doctor ta s help mention reception staff others said get tired old horrible habits start stick good luck please let get jaded important work clients pets appreciate happier,Veterinary,2383,Medical Doctor
That-Science7707,neb scores still,Veterinary,2659,Other
notcoronavirus,amen sister easier job like talk people,Veterinary,3059,Other
fishoutofwater1000,briefly neb assuming accurate,Veterinary,2718,Other
Flaky_Owl_,forgot fair amount learnt first couple years vet school time graduating honestly year undergraduate degree still passed navle first attempt i m spending lot time graduated relearning lot fundamental physiology medicine sitting properly studying texts oftentimes remembering enough key information power point slide pass exam sitting reading example nunn lumb s applied respiratory physiology front back perhaps i m particularly bad example feel many colleagues graduate meaningful understanding would describe key concepts example left vet school really understanding reninangiotensin aldosterone system pathways properly sure could draw name going on really understand it i ve graduated could properly sit read vander s i ve developed better understanding it basically i m trying say curriculum many vet schools pretty lacklustre sheer volume information learn result lack meaningful understanding many key concepts resulting learnt years graduated say graduate veterinarian incompetent stupid lot learning happen graduate,Veterinary,2539,Veterinarian
NamasteLlama,dont really like medicine want vet please stay far far away field,Veterinary,3232,Veterinarian
tdoodles97,none avma accredited though op wife want come back us work vet itll miserable trying even become eligible sit navle become licensed vet us theyll working years assistant despite graduating schools europe avma accreditation best vets know went non avma vet schools its educational quality less its made abundantly clear hard become us licensed vet someone goes route instead side note fricking clue ops wife didnt get interview offers whole picture isnt shown maybe essays bad application riddled typos im first time applicant similar work history better gpa still thats thing matters received interviews cycle davis rvc glasgow received rejections all waiting hear others still,Veterinary,3130,Veterinarian
stockholm__syndrome,happy debt get time early days good support staff colleagues work first point hardest imo whatever keep debt low go cheapest school usually state work scholarships live within means especially student its life changing k cloud hanging like colleagues have next two points choose work take job spent time ideally several days weeks seeing works everyone gets along find clinic appreciates understands mental health happiness critical production means ensuring arent overbooked mentorship support staff component also happy bad clients get fired youre compensated fairly work clinic perfect always try better wind clinic thats suiting needs dont afraid leave better opportunity,Veterinary,2197,Medical Doctor
Leather_Ad2029,dvm respectful,Veterinary,2329,Veterinarian
DucksEatFreeInSubway,eko core work me large puppies small dogs there s second delay starts register sounds course work wiggly dogs bluetooth nice wish options eko ain t it,Veterinary,2721,Veterinarian
FairEmphasis,biggest sticking point corporate medicine boss wants video chat weekly say im busy half time barely interact meanwhile privately owned practice worked previously owner entering exam room question doctors front clients time would want joking around afterward ya kidding non veterinarian behind desk different state setting expected patients day day much better its maybe soulless feel like opening own its either corporate relief me,Veterinary,1998,Veterinarian
okayvetgirly24,digging last year results released first day board conference maybe hope lost,Veterinary,1861,Other
Adequate_Worm818,grad here went straight er internship its steep learning curve awesome mentorship get needed be done find right place build skills need,Veterinary,2289,Medical Doctor
calliopeReddit,kind unit have pocus manufacturers online support online courses,Veterinary,247,Medical Doctor
KittyKatOnRoof,leptospirosis urine rabies saliva big ones bites cause bacterial infections,Veterinary,3159,Veterinarian
Repulsive_Show3370,hey guys would make difference applied next year stats right,Veterinary,2917,Other
Road_Crosser,every vet know first job story thats cuz almost suck fact thats true fields showing first real adult job terrifying its anxiety making its hard move better idea want dont want try another clinic two decide want stay gp,Veterinary,2664,Veterinarian
teddybear4ever,im either getting emotional support attacked apparent reason people completely misunderstood point deemed arrogant horrible person lol,Veterinary,1105,Other
RecommendationLate80,french physician ren leriche every surgeon carries within small cemetery time time goes pray a place bitterness regret must look explanation failures make mistakes one perfect man ever walk earth things end well either focus good do patients help lives save,Veterinary,2848,Medical Doctor
Anon_819,go whichever school leave least amount debt done,Veterinary,3102,Other
sn0wmermaid,ugh i m vet student live inw also really want work cattle could tolerate equine rate,Veterinary,518,Other
rubykat138,clinics like this boss cant burn dont burn work fast feel safe its license protect means clients go elsewhere it opportunities outside clinic work dont let one place sour experience,Veterinary,2201,Medical Doctor
daabilge,tbh kind matter picking battles ideally we d perfect every time that s really practical especially senior pug case depends test running after like tests run blue top need perfectly full need clean stick tend coags really care much going serum separator since it ll clot anyway long we re hemolyzing sample ton purple kind in between frustrating amount it depends dx concerned wellness care bit end world i m suspicious monitoring like low platelet number i d absolutely want clean stick full tube stick poke twice get enough full purple second poke i d rather purple stick i d also rather one full purple right anticoagulant blood ratio vs two partially full purples wrong ratio that s comes to also adding vaccutainer problematic vacuum calibrated ideal draw volume tube lose vacuum guesstimating right ratio although depending what pushing vaccutainer needle also lead hemolysis add purple usually take cap remove needle,Veterinary,2692,Veterinarian
_rosanna_,literally leaving clinic right similar problem actually numerous problems one them new clinic excited,Veterinary,1345,Medical Doctor
extinctplanet,applied internships jobs tab aza com also local zoos website got internship next summer tropical forest comissary departments worked days week that summer job opening couldnt find anyone offered keeper job year really cool job but made minimim wage benefits would tough pivot career,Veterinary,1072,Other
socialdistraction,prices vet care going la its also harder get appointment without long wait time,Veterinary,1726,Other
Due_Dream9234,technicians assholes you everyone new point career would speak managing director hospital manager bullying condescending comments need stopped said start looking kinder hospital setting gaining experience new grad would recommend doctor practice excellent collaboration grow skills best luck,Veterinary,1738,Medical Doctor
